{
  "val_accuracy": 0.0,
  "num_classes": 15,
  "class_counts_train": {
    "14": 1229,
    "5": 1686,
    "2": 811,
    "7": 1568,
    "3": 812,
    "9": 1379,
    "12": 2574,
    "8": 767,
    "10": 1344,
    "11": 1143,
    "1": 1176,
    "6": 809,
    "13": 295,
    "0": 797,
    "4": 121
  },
  "class_weights": {
    "14": 0.8956333062110117,
    "5": 0.652866745749308,
    "2": 1.3572544184134814,
    "7": 0.7019982993197279,
    "3": 1.3555829228243022,
    "9": 0.7982112642011119,
    "12": 0.42763532763532763,
    "8": 1.4351151673185572,
    "10": 0.8189980158730159,
    "11": 0.963021289005541,
    "1": 0.9359977324263039,
    "6": 1.3606098063452823,
    "13": 3.7312994350282485,
    "0": 1.3810957758260143,
    "4": 9.096969696969698
  }
}